total_bill,tip,x_diff,y_diff,x_variance,y_variance,covariance,z-bill,z-tip,Predictions,Squared Error,Lower 95% CI,Upper 95% CI,Lower 95% PI,Upper 95% PPI,sklearn Predictions,Predictions  v. sklearn,Kaggle Implementation,sklearn  v. Kaggle,Stats Totals,ANOVA Results,Others,,,Implications,,,,,,,,
16.99,1.01,-2.79594262,-1.988278689,7.817295134,3.953252145,5.559113127,-0.314711305,-1.439946955,2.704636164,2.871791728,2.569013411,2.840258917,0.686640343,4.722631985,2.704636164,0,2.704636164,0,x_mean,,x_variance,,,General Interpretation: For every dollar increase the tip increases by $.11 cents,,,,,,,,
10.34,1.66,-9.44594262,-1.338278689,89.22583198,1.790989849,12.64130371,-1.063235313,-0.96920534,2.006223123,0.119870451,1.817738134,2.194708112,-0.016202156,4.028648403,2.006223123,0,2.006223123,0,19.78594262,,19258.46408,,,,,,,,,,,
21.01,3.5,1.22405738,0.501721311,1.49831647,0.251724274,0.614135673,0.1377799,0.363355539,3.126834724,0.139252323,2.996206806,3.257462642,1.109183127,5.144486321,3.126834724,0,3.126834724,0,,,,,,,,,,,,,,
23.68,3.31,3.89405738,0.311721311,15.16368288,0.097170176,1.213860672,0.438315103,0.225754144,3.407250185,0.009457599,3.26604241,3.54845796,1.388854246,5.425646124,3.407250185,7.99361E-15,3.407250185,0,y_mean,,y_variance,,,,,,,,,,,
24.59,3.61,4.80405738,0.611721311,23.07896731,0.374202962,2.938744279,0.540744705,0.443019504,3.502822496,0.011487017,3.355834507,3.649810485,1.483995544,5.521649449,3.502822496,6.66134E-15,3.502822496,0,2.998278689,,465.212477,,,,,,,,,,,
25.29,4.71,5.50405738,1.711721311,30.29464764,2.929989847,9.421412314,0.619536705,1.23965916,3.576339658,1.285185771,3.42427367,3.728405647,1.557119868,5.595559449,3.576339658,0,3.576339658,-1.02141E-14,,,,,,,,,,,,,,
8.77,2,-11.01594262,-0.998278689,121.3509918,0.996560341,10.99698076,-1.239954515,-0.722971265,1.841334631,0.025174699,1.635695187,2.046974075,-0.182835919,3.865505182,1.841334631,0,1.841334631,0,covariance sum,,Observations,,,,,,,,,,,
26.88,3.12,7.09405738,0.121721311,50.32565011,0.014816078,0.863497965,0.798507107,0.088152748,3.743328641,0.388538594,3.577981294,3.908675988,1.723018718,5.763638564,3.743328641,7.99361E-15,3.743328641,0,2022.610896,,244,,,,,,,,,,,
15.04,1.96,-4.74594262,-1.038278689,22.52397135,1.078022636,4.927611082,-0.534203307,-0.75193998,2.499838355,0.29142545,2.353248227,2.646428483,0.481041621,4.518635089,2.499838355,0,2.499838355,0,,,,,,,,,,,,,,
14.78,3.23,-5.00594262,0.231721311,25.05946151,0.053694766,-1.159983587,-0.563468907,0.167816714,2.47253198,0.573757801,2.324132926,2.620931035,0.453597198,4.491466763,2.47253198,0,2.47253198,0,x_std.dev,,DF,,,,,,,,,,,
10.27,1.71,-9.51594262,-1.288278689,90.55316395,1.659661981,12.25918608,-1.071114513,-0.932994447,1.998871407,0.08344669,1.809646836,2.188095979,-0.023626013,4.021368827,1.998871407,1.77636E-15,1.998871407,0,138.7748683,,2,,,,,,,,,,,
35.26,5,15.47405738,2.001721311,239.4464518,4.006888207,30.97475043,1.741759918,1.449682342,4.623434097,0.14180188,4.364316962,4.882551231,2.59286064,6.654007553,4.623434097,1.06581E-14,4.623434097,0,,,,,,,,,,,,,,
15.42,1.57,-4.36594262,-1.428278689,19.06145496,2.039980013,6.235782802,-0.491430507,-1.034384948,2.539747672,0.940410547,2.395664529,2.683830815,0.521139475,4.558355869,2.539747672,3.55271E-15,2.539747672,0,y_std.dev sum,,t_critical,,,,,,,,,,,
18.43,3,-1.35594262,0.001721311,1.838580389,2.96291E-06,-0.002333999,-0.152624903,0.001246604,2.855871469,0.020773033,2.724969734,2.986773204,0.838201335,4.873541603,2.855871469,0,2.855871469,0,2.16E+01,,1.9698,,,,,,,,,,,
14.83,3.02,-4.95594262,0.021721311,24.56136725,0.000471815,-0.107649571,-0.557840907,0.015730962,2.477783206,0.293999051,2.329737769,2.625828643,0.458875542,4.49669087,2.477783206,0,2.477783206,0,,,,,,,,,,,,,,
21.58,3.92,1.79405738,0.921721311,3.218641883,0.849570175,1.65362092,0.201939101,0.667527044,3.186698699,0.537730798,3.054692226,3.318705171,1.168953382,5.204444016,3.186698699,0,3.186698699,0,SST,Total SS,z-bill,,,,,,,,,,,
10.33,1.67,-9.45594262,-1.328278689,89.41485083,1.764324276,12.56012707,-1.064360913,-0.961963162,2.005172878,0.112340858,1.816582392,2.193763365,-0.017262675,4.027608431,2.005172878,0,2.005172878,0,465.212477,465.212477,8.10432E-08,,,,,,,,,,,
16.29,3.71,-3.49594262,0.711721311,12.2216148,0.506547225,-2.488136865,-0.393503306,0.515441291,2.631119002,1.163984208,2.492120964,2.77011704,0.612883292,4.649354712,2.631119002,-3.55271E-15,2.631119002,0,,,,,,,,,,,,,,
16.97,3.5,-2.81594262,0.501721311,7.929532839,0.251724274,-1.412818423,-0.316962505,0.363355539,2.702535674,0.635949352,2.566825864,2.838245483,0.684533739,4.720537608,2.702535674,-3.55271E-15,2.702535674,0,slope(b),total bill(Coefficients),z-tip,,,,,,,,,,,
20.65,3.35,0.86405738,0.351721311,0.746595156,0.123707881,0.303907394,0.0972583,0.254722858,3.089025898,0.068107482,2.959004948,3.219046847,1.071415254,5.106636541,3.089025898,7.54952E-15,3.089025898,0,1.05E-01,0.105024517,-8.40093E-08,,,For every 1 Std:dev incease in x there is a 0.67 increase in y's std:dev,,,,,,,,
17.92,4.08,-1.86594262,1.081721311,3.481741861,1.170120995,-2.018429897,-0.210030504,0.783401903,2.802308965,1.632494381,2.670092929,2.934525001,0.784549315,4.820068615,2.802308965,0,2.802308965,0,0.105024517,,,,,,,,,,,,,
20.29,2.75,0.50405738,-0.248278689,0.254073842,0.061642307,-0.125146705,0.056736699,-0.179807863,3.051217071,0.090731724,2.921595343,3.1808388,1.033633261,5.068800882,3.051217071,4.44089E-15,3.051217071,0,intercept,intercept(Coefficients),slope std.dev,,,,,,,,,,,
15.77,2.23,-4.01594262,-0.768278689,16.12779513,0.590252144,3.085363131,-0.452034506,-0.556401155,2.576506253,0.120066583,2.434581834,2.718430671,0.55805781,4.594954695,2.576506253,0,2.576506253,0,9.20E-01,0.920269614,0.00736479,,,,,,,,,,,
39.42,7.58,19.63405738,4.581721311,385.4962092,20.99217017,89.95777912,2.210009523,3.318164444,5.060336089,6.348706225,4.747479897,5.373192281,3.021871915,7.098800262,5.060336089,1.15463E-14,5.060336089,0,0.920269614,,,,,,,,,,,,,
19.82,3.18,0.03405738,0.181721311,0.001159905,0.033022635,0.006188952,0.003833499,0.131605821,3.001855548,0.031735446,2.872439302,3.131271794,0.984285517,5.019425579,3.001855548,0,3.001855548,0,SSE,Residual SS,SUM X,,,,,,,,,,,
17.81,2.34,-1.97594262,-0.658278689,3.904349238,0.433330832,1.300720917,-0.222412104,-0.476737189,2.790756268,0.203181213,2.658204311,2.923308225,0.772973597,4.80853894,2.790756268,0,2.790756268,0,252.7887439,252.7887439,4827.77,,,,,,,,,,,
13.37,2,-6.41594262,-0.998278689,41.1643197,0.996560341,6.404898787,-0.722178509,-0.722971265,2.324447411,0.105266122,2.165037023,2.483857799,0.304635996,4.344258826,2.324447411,0,2.324447411,0,,,,,,,,,,,,,,
12.69,2,-7.09594262,-0.998278689,50.35240167,0.996560341,7.083728296,-0.79871931,-0.722971265,2.253030739,0.064024555,2.087666368,2.41839511,0.232719361,4.273342117,2.253030739,0,2.253030739,0,SSR,Regression SS,,,,,,,,,,,,
21.7,4.3,1.91405738,1.301721311,3.663615654,1.694478372,2.491569282,0.215446301,0.942729834,3.199301641,1.211536878,3.066940933,3.331662349,1.181532083,5.217071198,3.199301641,6.66134E-15,3.199301641,0,212.4237332,212.4237332,,,,,,,,,,,,
19.65,3,-0.13594262,0.001721311,0.018480396,2.96291E-06,-0.000234,-0.015301701,0.001246604,2.98400138,0.000255956,2.854571052,3.113431709,0.966430405,5.001572355,2.98400138,0,2.98400138,0,,,,,,,,,,,,,,
9.55,1.45,-10.23594262,-1.548278689,104.7745213,2.397166899,15.84809182,-1.152157714,-1.121291093,1.923253755,0.223969116,1.726279305,2.120228204,-0.10001643,3.946523939,1.923253755,-4.44089E-15,1.923253755,0,r,Multiple (r),r,,,,,,,,,,,
18.35,2.5,-1.43594262,-0.498278689,2.061931208,0.248281652,0.715499606,-0.161629703,-0.36086233,2.847469508,0.120735059,2.716388349,2.978550666,0.829787205,4.86515181,2.847469508,0,2.847469508,0,0.675734109,0.675734109,1.05E-01,,,,,,,,,,,
15.06,3,-4.72594262,0.001721311,22.33453365,2.96291E-06,-0.008134817,-0.531952107,0.001246604,2.501938845,0.248064914,2.355484767,2.648392923,0.483152426,4.520725265,2.501938845,0,2.501938845,0,,,,,,,,,,,,,,
20.69,2.45,0.90405738,-0.548278689,0.817319746,0.300609521,-0.495675395,0.1017607,-0.397073224,3.093226878,0.413740817,2.963148702,3.223305054,1.075612382,5.110841375,3.093226878,0,3.093226878,0,r^2,r^2,,,,,,,,,,,,
17.78,3.27,-2.00594262,0.271721311,4.023805795,0.073832471,-0.545057358,-0.225788904,0.196785429,2.787605533,0.232704422,2.654958777,2.920252289,0.769816354,4.805394712,2.787605533,0,2.787605533,0,0.456616586,0.456616586,,,,,,,,,,,,
24.06,3.6,4.27405738,0.601721311,18.26756649,0.362068536,2.57179141,0.481087904,0.435777326,3.447159502,0.023360218,3.303657334,3.590661669,1.428594535,5.465724468,3.447159502,3.9968E-15,3.447159502,0,,,,,,,,,,,,,,
16.31,2,-3.47594262,-0.998278689,12.0821771,0.996560341,3.469959442,-0.391252106,-0.722971265,2.633219492,0.400966925,2.494327056,2.772111928,0.614991377,4.651447608,2.633219492,0,2.633219492,0,p,p,,,,,,,,,,,,
16.93,3.07,-2.85594262,0.071721311,8.156408249,0.005143946,-0.204831949,-0.321464905,0.051941855,2.698334693,0.138135101,2.562449079,2.834220307,0.680320401,4.716348985,2.698334693,0,2.698334693,0,,,,,,,,,,,,,,
18.69,2.31,-1.09594262,-0.688278689,1.201090226,0.473727554,0.75431395,-0.123359303,-0.498463725,2.883177843,0.32853284,2.752789579,3.013566108,0.865542439,4.900813248,2.883177843,0,2.883177843,0,,,,,,,,,,,,,,
31.27,5,11.48405738,2.001721311,131.8835739,4.006888207,22.98788239,1.292645513,1.449682342,4.204386272,0.633001204,3.99342598,4.415346564,2.179643843,6.229128701,4.204386272,8.88178E-15,4.204386272,0,F,F,,,,,,,,,,,,
16.04,2.24,-3.74594262,-0.758278689,14.03208611,0.57498657,2.840468459,-0.421643306,-0.549158976,2.604862872,0.133124916,2.464500904,2.745224841,0.58652856,4.623197184,2.604862872,4.88498E-15,2.604862872,0,203.3577233,203.3577233,,,,,,,,,,,,
17.46,2.54,-2.32594262,-0.458278689,5.410009072,0.210019357,1.065929935,-0.261808104,-0.331893616,2.753997687,0.04579501,2.620255775,2.887739599,0.736132995,4.771862379,2.753997687,3.55271E-15,2.753997687,0,,,,,,,,,,,,,,
13.94,3.06,-5.84594262,0.061721311,34.17504512,0.00380952,-0.360819243,-0.658019309,0.044699676,2.384311386,0.456555103,2.22958348,2.539039291,0.36488037,4.403742402,2.384311386,-3.55271E-15,2.384311386,0,t ratio,t stat,,,,,,,,,,,,
9.68,1.32,-10.10594262,-1.678278689,102.1300762,2.816619358,16.96058813,-1.137524914,-1.215439416,1.936906942,0.380574175,1.741350327,2.132463557,-0.086219571,3.960033454,1.936906942,0,1.936906942,0,1.43E+01,14.26035495,,,,,,,,,,,,
30.4,5.6,10.61405738,2.601721311,112.6582141,6.76895378,27.61481928,1.194718312,1.884213063,4.113014942,2.211124563,3.911872907,4.314156977,2.089316497,6.136713387,4.113014942,0,4.113014942,0,14.26035495,,,,,,,,,,,,,
18.29,3,-1.49594262,0.001721311,2.237844322,2.96291E-06,-0.002574982,-0.168383303,0.001246604,2.841168037,0.025227593,2.709945735,2.972390338,0.823476151,4.858859922,2.841168037,0,2.841168037,0,Confidence Interval,Confidence Interval,,,,,,,,,,,,
22.23,5,2.44405738,2.001721311,5.973416477,4.006888207,4.892321743,0.275103102,1.449682342,3.254964635,3.045148425,3.120780163,3.389149107,1.237069253,5.272860017,3.254964635,0,3.254964635,0,0.967822167,,,,,,,,,,,,,
32.4,6,12.61405738,3.001721311,159.1144436,9.010330829,37.86388486,1.419838314,2.173900211,4.323063977,2.812114426,4.098931888,4.547196065,2.296843765,6.349284189,4.323063977,1.06581E-14,4.323063977,0,,to:,,,,,,,,,,,,
28.55,2.05,8.76405738,-0.948278689,76.80870176,0.899232472,-8.310768843,0.98648231,-0.686760371,3.918719585,3.492112887,3.737299328,4.100139841,1.896969297,5.940469873,3.918719585,8.88178E-15,3.918719585,0,,,,,,,,,,,,,,
18.04,3,-1.74594262,0.001721311,3.048315632,2.96291E-06,-0.00300531,-0.196523303,0.001246604,2.814911907,0.034257602,2.68304128,2.946782535,0.797175869,4.832647945,2.814911907,0,2.814911907,0,Mean S Error(MSE),Residual MS,,,,,,,,,,,,
12.54,2.5,-7.24594262,-0.498278689,52.50368445,0.248281652,3.610498789,-0.81560331,-0.36086233,2.237277062,0.069023342,2.070549351,2.404004772,0.216848641,4.257705482,2.237277062,0,2.237277062,0,1.044581586,1.044581586,,,,,,,,,,,,
10.29,2.6,-9.49594262,-0.398278689,90.17292624,0.158625914,3.782031578,-1.068863313,-0.288440543,2.000971897,0.358834668,1.811958897,2.189984898,-0.021504857,4.023448652,2.000971897,-4.88498E-15,2.000971897,0,,,,,,,,,,,,,,
34.81,5.2,15.02405738,2.201721311,225.7223002,4.847576731,33.07878731,1.691107917,1.594525916,4.576173064,0.389160046,4.322690649,4.829655479,2.546342667,6.60600346,4.576173064,8.88178E-15,4.576173064,0,F crit,Significance F,,,,,,,,,,,,
9.94,1.56,-9.84594262,-1.438278689,96.94258608,2.068645587,14.16120944,-1.108259313,-1.041627127,1.964213316,0.163388405,1.771468298,2.156958335,-0.058631331,3.987057963,1.964213316,0,1.964213316,0,,6.69E-34,,,,,,,,,,,,
25.56,4.34,5.77405738,1.341721311,33.33973863,1.800216076,7.747175838,0.649927906,0.971698549,3.604696278,0.540671564,3.450537503,3.758855053,1.585310729,5.624081827,3.604696278,4.44089E-15,3.604696278,0,,,,,,,,,,,,,,
19.49,3.51,-0.29594262,0.511721311,0.087582034,0.2618587,-0.151440145,-0.033311302,0.370597717,2.967197457,0.2946346,2.83771096,3.096683954,0.949622718,4.984772197,2.967197457,7.10543E-15,2.967197457,0,Standard Error,Standard Error,,,,,,,,,,,,
38.01,3,18.22405738,0.001721311,332.1162674,2.96291E-06,0.03136927,2.051299921,0.001246604,4.912251519,3.656705873,4.617896678,5.206606361,2.876667789,6.94783525,4.912251519,9.76996E-15,4.912251519,0,1.022047742,1.022047742,,,,,,,,,,,,
26.41,1.5,6.62405738,-1.498278689,43.87813617,2.24483903,-9.924684007,0.745603907,-1.085080199,3.693967118,4.813491713,3.532775258,3.855158978,1.674008019,5.713926216,3.693967118,3.9968E-15,3.693967118,0,1.022047742,,,,,,,,,,,,,
11.24,1.76,-8.54594262,-1.238278689,73.03313526,1.533334112,10.58225862,-0.961931312,-0.896783553,2.100745189,0.116107284,1.921528248,2.27996213,0.079200185,4.122290193,2.100745189,0,2.100745189,0,t-test,,,,,,,,,,,,,
48.27,6.73,28.48405738,3.731721311,811.3415248,13.92574394,106.2945639,3.206165534,2.702579255,5.989803068,0.547891499,5.556788684,6.422817451,3.928503924,8.051102211,5.989803068,1.68754E-14,5.989803068,0,TRUE,,t-ratio > t-critical,,,,,,,,,,,
20.29,3.21,0.50405738,0.211721311,0.254073842,0.044825914,0.106719689,0.056736699,0.153332357,3.051217071,0.025212018,2.921595343,3.1808388,1.033633261,5.068800882,3.051217071,4.44089E-15,3.051217071,0,,,,,,,,,,,,,,
13.81,2,-5.97594262,-0.998278689,35.7118902,0.996560341,5.965656164,-0.672652109,-0.722971265,2.370658199,0.1373875,2.214888607,2.52642779,0.351143532,4.390172866,2.370658199,0,2.370658199,0,preds v. sklearn sum,,,,,,,,,,,,,
11.02,1.98,-8.76594262,-1.018278689,76.84175002,1.036891488,8.926172559,-0.986694512,-0.737455622,2.077639795,0.00953353,1.896200371,2.259079219,0.055887711,4.09939188,2.077639795,0,2.077639795,0,5.52E-13,,very low difference,,,,,,,,,,,
18.29,3.76,-1.49594262,0.761721311,2.237844322,0.580219356,-1.139491374,-0.168383303,0.551652185,2.841168037,0.844252177,2.709945735,2.972390338,0.823476151,4.858859922,2.841168037,0,2.841168037,0,,,,,,,,,,,,,,
17.59,2.64,-2.19594262,-0.358278689,4.82216399,0.128363619,0.786759443,-0.247175304,-0.259471829,2.767650874,0.016294746,2.634372284,2.900929464,0.749818205,4.785483544,2.767650874,0,2.767650874,0,,,,,,,,,,,,,,
20.08,3.15,0.29405738,0.151721311,0.086469743,0.023019356,0.044614771,0.033099099,0.109879285,3.029161923,0.014601841,2.899676329,3.158647516,1.011587243,5.046736602,3.029161923,0,3.029161923,0,,,,,,,,,,,,,,
16.45,2.47,-3.33594262,-0.528278689,11.12851316,0.279078373,1.762307394,-0.375493705,-0.382588866,2.647922925,0.031656567,2.509754901,2.786090948,0.62974675,4.666099099,2.647922925,0,2.647922925,0,,,,,,,,,,,,,,
3.07,1,-16.71594262,-1.998278689,279.4227377,3.993117719,33.4031119,-1.881546522,-1.447189134,1.242694882,0.058900806,0.967822167,1.517567597,-0.790041442,3.275431205,1.242694882,-6.66134E-15,1.242694882,0,,,,,,,,,,,,,,
20.23,2.01,0.44405738,-0.988278689,0.197186957,0.976694767,-0.438852445,0.049983099,-0.715729086,3.0449156,1.0710503,2.915340062,3.174491139,1.027334889,5.062496311,3.0449156,5.32907E-15,3.0449156,0,,,0,,,,,,,,,,,
15.01,2.09,-4.77594262,-0.908278689,22.80962791,0.824970177,4.337886902,-0.537580107,-0.657791657,2.496687619,0.16539482,2.349892578,2.643482661,0.477875332,4.515499907,2.496687619,0,2.496687619,0,,,,,,,,,,,,,,
12.02,1.97,-7.76594262,-1.028278689,60.30986478,1.057357062,7.985553296,-0.874134511,-0.744697801,2.182664313,0.04522611,2.011080511,2.354248114,0.161811246,4.203517379,2.182664313,3.9968E-15,2.182664313,0,,,,,,,,,,,,,,
17.07,3,-2.71594262,0.001721311,7.376344315,2.96291E-06,-0.004674982,-0.305706505,0.001246604,2.713038125,0.082347118,2.577757936,2.848318315,0.695066323,4.731009927,2.713038125,0,2.713038125,0,,,,,,,,,,,,,,
26.86,3.14,7.07405738,0.141721311,50.04228782,0.02008493,1.002544686,0.796255907,0.102637106,3.74122815,0.361475289,3.576061237,3.906395064,1.720933645,5.761522656,3.74122815,5.32907E-15,3.74122815,0,,,,,,,,,,,,,,
25.28,5,5.49405738,2.001721311,30.18466649,4.006888207,10.99757174,0.618411105,1.449682342,3.575289413,2.029800257,3.42329955,3.727279276,1.55607561,5.594503216,3.575289413,0,3.575289413,0,,,,,,,,,,,,,,
14.73,2.2,-5.05594262,-0.798278689,25.56255578,0.637248865,4.036051246,-0.569096908,-0.578127691,2.467280755,0.071439002,2.318525387,2.616036122,0.448318581,4.486242928,2.467280755,0,2.467280755,0,,,,,,,,,,,,,,
10.51,1.25,-9.27594262,-1.748278689,86.04311149,3.056478374,16.2169328,-1.044100113,-1.266134666,2.024077291,0.599195653,1.837377632,2.210776951,0.001825002,4.046329581,2.024077291,0,2.024077291,0,,,,,,,,,,,,,,
17.92,3.08,-1.86594262,0.081721311,3.481741861,0.006678373,-0.152487277,-0.210030504,0.059184034,2.802308965,0.077112311,2.670092929,2.934525001,0.784549315,4.820068615,2.802308965,0,2.802308965,0,,,,,,,,,,,,,,
27.2,4,7.41405738,1.001721311,54.96824683,1.003445585,7.426819279,0.834526308,0.725464473,3.776936486,0.049757331,3.608660476,3.945212497,1.756373987,5.797498986,3.776936486,5.32907E-15,3.776936486,0,,,,,,,,,,,,,,
22.76,3,2.97405738,0.001721311,8.8450173,2.96291E-06,0.005119278,0.334759902,0.001246604,3.310627629,0.096489524,3.174209803,3.447045455,1.292575829,5.328679429,3.310627629,0,3.310627629,0,,,,,,,,,,,,,,
17.29,2.71,-2.49594262,-0.288278689,6.229729562,0.083104603,0.719527066,-0.280943304,-0.208776578,2.736143519,0.000683484,2.601758194,2.870528844,0.718234175,4.754052864,2.736143519,3.55271E-15,2.736143519,0,,,,,,,,,,,,,,
19.44,3,-0.34594262,0.001721311,0.119676296,2.96291E-06,-0.000595475,-0.038939302,0.001246604,2.961946232,0.001448089,2.832433655,3.091458808,0.944369743,4.97952272,2.961946232,4.44089E-15,2.961946232,0,,,,,,,,,,,,,,
16.66,3.4,-3.12594262,0.401721311,9.771517264,0.161380012,-1.255757767,-0.351856105,0.290933752,2.669978073,0.532932014,2.532847433,2.807108713,0.651875809,4.688080338,2.669978073,6.21725E-15,2.669978073,0,,,,,,,,,,,,,,
10.07,1.83,-9.71594262,-1.168278689,94.399541,1.364875095,11.35092871,-1.093626513,-0.846088302,1.977866504,0.021864503,1.786514894,2.169218113,-0.044839951,4.000572958,1.977866504,1.9984E-15,1.977866504,0,,,,,,,,,,,,,,
32.68,5,12.89405738,2.001721311,166.2567157,4.006888207,25.81030944,1.451355115,1.449682342,4.352470842,0.419294011,4.125010208,4.579931475,2.325863207,6.379078477,4.352470842,1.15463E-14,4.352470842,0,,,,,,,,,,,,,,
15.98,2.03,-3.80594262,-0.968278689,14.48519923,0.93756362,3.685213131,-0.428396906,-0.701244729,2.598561401,0.323262067,2.457860145,2.739262658,0.580202413,4.61692039,2.598561401,-3.9968E-15,2.598561401,0,,,,,,,,,,,,,,
34.83,5.17,15.04405738,2.171721311,226.3236625,4.716373453,32.67150002,1.693359117,1.57279938,4.578273554,0.350140187,4.324541617,4.832005492,2.548410592,6.608136516,4.578273554,1.24345E-14,4.578273554,0,,,,,,,,,,,,,,
13.03,2,-6.75594262,-0.998278689,45.64276068,0.996560341,6.744313542,-0.76044891,-0.722971265,2.288739075,0.083370253,2.126399324,2.451078826,0.268683953,4.308794197,2.288739075,0,2.288739075,0,,,,,,,,,,,,,,
18.28,4,-1.50594262,1.001721311,2.267863175,1.003445585,-1.508534816,-0.169508903,0.725464473,2.840117791,1.345326738,2.70887142,2.971364163,0.82242427,4.857811312,2.840117791,3.9968E-15,2.840117791,0,,,,,,,,,,,,,,
24.71,5.85,4.92405738,2.851721311,24.24634108,8.132314436,14.04203937,0.554251905,2.065267531,3.515425438,5.450238385,3.367604087,3.663246789,1.496534926,5.53431595,3.515425438,3.9968E-15,3.515425438,0,,,,,,,,,,,,,,
21.16,3,1.37405738,0.001721311,1.888033684,2.96291E-06,0.00236518,0.1546639,0.001246604,3.142588401,0.020331452,3.011646918,3.273529884,1.124915573,5.16026123,3.142588401,7.54952E-15,3.142588401,0,,,,,,,,,,,,,,
28.97,3,9.18405738,0.001721311,84.34690996,2.96291E-06,0.015808619,1.03375751,0.001246604,3.962829882,0.927041382,3.777088707,4.148571057,1.940669792,5.984989972,3.962829882,1.06581E-14,3.962829882,0,,,,,,,,,,,,,,
22.49,3.5,2.70405738,0.501721311,7.311926314,0.251724274,1.356683214,0.304368702,0.363355539,3.28227101,0.047405913,3.147040937,3.417501082,1.264302716,5.300239303,3.28227101,7.99361E-15,3.28227101,0,,,,,,,,,,,,,,
5.75,1,-14.03594262,-1.998278689,197.0076852,3.993117719,28.04772502,-1.579885719,-1.447189134,1.524160589,0.274744323,1.282892852,1.765428325,-0.504114247,3.552435424,1.524160589,-2.66454E-15,1.524160589,0,,,,,,,,,,,,,,
16.32,4.3,-3.46594262,1.301721311,12.01275825,1.694478372,-4.511691371,-0.390126506,0.942729834,2.634269737,2.774657308,2.495429905,2.77310957,0.616045403,4.652494072,2.634269737,5.77316E-15,2.634269737,0,,,,,,,,,,,,,,
22.75,3.25,2.96405738,0.251721311,8.785636152,0.063363618,0.74611641,0.333634302,0.182301071,3.309577384,0.003549465,3.17320537,3.445949398,1.291528818,5.32762595,3.309577384,6.21725E-15,3.309577384,0,,,,,,,,,,,,,,
40.17,4.73,20.38405738,1.731721311,415.5097953,2.998858699,35.29950657,2.294429524,1.254143517,5.139104477,0.167366473,4.816311061,5.461897893,3.099022522,7.179186432,5.139104477,0,5.139104477,-9.76996E-15,,,,,,,,,,,,,,
27.28,4,7.49405738,1.001721311,56.16089601,1.003445585,7.506956983,0.843531108,0.725464473,3.785338448,0.046079582,3.616318277,3.954358618,1.764711069,5.805965827,3.785338448,6.66134E-15,3.785338448,0,,,,,,,,,,,,,,
12.03,1.5,-7.75594262,-1.498278689,60.15464592,2.24483903,11.62056354,-0.873008911,-1.085080199,2.183714558,0.467465596,2.012225975,2.35520314,0.162869934,4.204559181,2.183714558,0,2.183714558,0,,,,,,,,,,,,,,
21.01,3,1.22405738,0.001721311,1.49831647,2.96291E-06,0.002106983,0.1377799,0.001246604,3.126834724,0.016087047,2.996206806,3.257462642,1.109183127,5.144486321,3.126834724,0,3.126834724,0,,,,,,,,,,,,,,
12.46,1.5,-7.32594262,-1.498278689,53.66943527,2.24483903,10.9763037,-0.82460811,-1.085080199,2.2288751,0.531258912,2.061413251,2.396336949,0.208383258,4.249366942,2.2288751,0,2.2288751,0,,,,,,,,,,,,,,
11.35,2.5,-8.43594262,-0.498278689,71.16512789,0.248281652,4.203450429,-0.949549712,-0.36086233,2.112297886,0.150312929,1.934181139,2.290414632,0.090854456,4.133741316,2.112297886,0,2.112297886,0,,,,,,,,,,,,,,
15.38,3,-4.40594262,0.001721311,19.41233037,2.96291E-06,-0.007583997,-0.495932907,0.001246604,2.535546691,0.215716876,2.391207519,2.679885863,0.516919388,4.554173994,2.535546691,0,2.535546691,0,,,,,,,,,,,,,,
44.3,2.5,24.51405738,-0.498278689,600.9390092,0.248281652,-12.21483237,2.759302329,-0.36086233,5.572855734,9.44244236,5.194410744,5.951300723,3.522807149,7.622904319,5.572855734,8.88178E-15,5.572855734,0,,,,,,,,,,,,,,
22.42,3.48,2.63405738,0.481721311,6.938258281,0.232055421,1.268881574,0.296489502,0.348871181,3.274919293,0.042058096,3.139980303,3.409858283,1.256971354,5.292867233,3.274919293,0,3.274919293,0,,,,,,,,,,,,,,
20.92,4.08,1.13405738,1.081721311,1.286086141,1.170120995,1.226734036,0.1276495,0.783401903,3.117382517,0.926632418,2.986925676,3.247839359,1.099742482,5.135022552,3.117382517,0,3.117382517,0,,,,,,,,,,,,,,
15.36,1.64,-4.42594262,-1.358278689,19.58896808,1.844920997,6.011663539,-0.498184107,-0.983689698,2.533446201,0.798246113,2.38897831,2.677914091,0.514809279,4.552083122,2.533446201,4.88498E-15,2.533446201,0,,,,,,,,,,,,,,
20.49,4.06,0.70405738,1.061721311,0.495696794,1.127252142,0.747512725,0.0792487,0.768917545,3.072221975,0.975705427,2.942404242,3.202039708,1.054625,5.089818949,3.072221975,3.9968E-15,3.072221975,0,,,,,,,,,,,,,,
25.21,4.29,5.42405738,1.291721311,29.42039846,1.668543945,7.00637051,0.610531905,0.935487655,3.567937697,0.52137397,3.416477892,3.719397501,1.548765499,5.587109895,3.567937697,7.54952E-15,3.567937697,0,,,,,,,,,,,,,,
18.24,3.76,-1.54594262,0.761721311,2.389938584,0.580219356,-1.177577439,-0.174011303,0.551652185,2.835916811,0.853929741,2.7045726,2.967261022,0.818216639,4.853616982,2.835916811,0,2.835916811,0,,,,,,,,,,,,,,
14.31,4,-5.47594262,1.001721311,29.98594758,1.003445585,-5.48536842,-0.616372108,0.725464473,2.423170457,2.486391407,2.271318238,2.575022677,0.403967472,4.442373443,2.423170457,5.32907E-15,2.423170457,0,,,,,,,,,,,,,,
14,3,-5.78594262,0.001721311,33.477132,2.96291E-06,-0.009959407,-0.651265708,0.001246604,2.390612857,0.37135269,2.236360325,2.544865388,0.371219829,4.410005885,2.390612857,5.32907E-15,2.390612857,0,,,,,,,,,,,,,,
7.25,1,-12.53594262,-1.998278689,157.1498574,3.993117719,25.05030698,-1.411045717,-1.447189134,1.681697365,0.464711297,1.458489545,1.904905184,-0.344416268,3.707810997,1.681697365,-1.9984E-15,1.681697365,0,,,,,,,,,,,,,,
38.07,4,18.28405738,1.001721311,334.3067543,1.003445585,18.31552993,2.058053521,0.725464473,4.91855299,0.843739596,4.623416111,5.21368987,2.882850979,6.954255002,4.91855299,7.99361E-15,4.91855299,0,,,,,,,,,,,,,,
23.95,2.55,4.16405738,-0.448278689,17.33937386,0.200953783,-1.866658183,0.468706304,-0.324651437,3.435606805,0.784299413,3.292786895,3.578426715,1.417092383,5.454121226,3.435606805,0,3.435606805,0,,,,,,,,,,,,,,
25.71,4,5.92405738,1.001721311,35.09445584,1.003445585,5.934254525,0.666811906,0.725464473,3.620449956,0.144058236,3.465098026,3.775801885,1.600968895,5.639931016,3.620449956,0,3.620449956,0,,,,,,,,,,,,,,
17.31,3.5,-2.47594262,0.501721311,6.130291858,0.251724274,-1.242233177,-0.278692104,0.363355539,2.738244009,0.580272189,2.60393657,2.872551449,0.720340082,4.756147937,2.738244009,6.66134E-15,2.738244009,0,,,,,,,,,,,,,,
29.93,5.07,10.14405738,2.071721311,102.9019001,4.29202919,21.01565985,1.141815111,1.500377593,4.063653419,1.012733441,3.867681926,4.259624912,2.040484972,6.086821865,4.063653419,1.15463E-14,4.063653419,0,,,,,,,,,,,,,,
10.65,1.5,-9.13594262,-1.498278689,83.46544756,2.24483903,13.68818813,-1.028341713,-1.085080199,2.038780724,0.290284668,1.853539601,2.224021846,0.016668549,4.060892898,2.038780724,0,2.038780724,0,,,,,,,,,,,,,,
12.43,1.8,-7.35594262,-1.198278689,54.10989183,1.435871817,8.814469279,-0.82798491,-0.867814839,2.225724365,0.181241235,2.057985972,2.393462757,0.205208561,4.246240168,2.225724365,0,2.225724365,0,,,,,,,,,,,,,,
24.08,2.92,4.29405738,-0.078278689,18.43892878,0.006127553,-0.336133182,0.483339104,-0.056690825,3.449259992,0.280116139,3.305632221,3.592887763,1.430685694,5.46783429,3.449259992,6.66134E-15,3.449259992,0,,,,,,,,,,,,,,
11.69,2.31,-8.09594262,-0.688278689,65.54428691,0.473727554,5.572264773,-0.911279311,-0.498463725,2.148006222,0.026241984,1.973241735,2.322770708,0.12686846,4.169143984,2.148006222,0,2.148006222,0,,,,,,,,,,,,,,
13.42,1.68,-6.36594262,-1.318278689,40.52522544,1.737858702,8.392086491,-0.716550509,-0.954720983,2.329698637,0.422108319,2.170710683,2.488686591,0.309922002,4.349475272,2.329698637,0,2.329698637,0,,,,,,,,,,,,,,
14.26,2.5,-5.52594262,-0.498278689,30.53604184,0.248281652,2.753459444,-0.622000108,-0.36086233,2.417919231,0.006737253,2.265686291,2.570152172,0.3986863,4.437152162,2.417919231,3.55271E-15,2.417919231,0,,,,,,,,,,,,,,
15.95,2,-3.83594262,-0.998278689,14.71445578,0.996560341,3.82933977,-0.431773706,-0.722971265,2.595410666,0.354513861,2.454538056,2.736283276,0.577039192,4.61378214,2.595410666,0,2.595410666,0,,,,,,,,,,,,,,
12.48,2.52,-7.30594262,-0.478278689,53.37679757,0.228750504,3.494276658,-0.82235691,-0.346377973,2.230975591,0.083535109,2.063697729,2.398253452,0.210499669,4.251451512,2.230975591,0,2.230975591,0,,,,,,,,,,,,,,
29.8,4.2,10.01405738,1.201721311,100.2813452,1.444134109,12.03410616,1.127182311,0.870308047,4.050000232,0.022499931,3.855440961,4.244559502,2.026974167,6.073026297,4.050000232,7.10543E-15,4.050000232,0,,,,,,,,,,,,,,
8.52,1.48,-11.26594262,-1.518278689,126.9214631,2.305170177,17.10484059,-1.268094515,-1.099564557,1.815078502,0.112277602,1.606608048,2.023548955,-0.209394524,3.839551527,1.815078502,0,1.815078502,0,,,,,,,,,,,,,,
14.52,2,-5.26594262,-0.998278689,27.73015168,0.996560341,5.256878295,-0.592734508,-0.722971265,2.445225606,0.19822584,2.294944713,2.595506499,0.426145424,4.464305788,2.445225606,0,2.445225606,0,,,,,,,,,,,,,,
11.38,2,-8.40594262,-0.998278689,70.65987133,0.996560341,8.391473379,-0.946172912,-0.722971265,2.115448621,0.013328384,1.937630624,2.293266619,0.094032666,4.136864577,2.115448621,0,2.115448621,0,,,,,,,,,,,,,,
22.82,2.18,3.03405738,-0.818278689,9.205504185,0.669580013,-2.482704495,0.341513502,-0.592612048,3.3169291,1.292607779,3.180233487,3.453624713,1.298857665,5.335000535,3.3169291,0,3.3169291,0,,,,,,,,,,,,,,
19.08,1.5,-0.70594262,-1.498278689,0.498354983,2.24483903,1.057698783,-0.079460902,-1.085080199,2.924137405,2.028167349,2.794317517,3.053957293,0.906540286,4.941734524,2.924137405,0,2.924137405,0,,,,,,,,,,,,,,
20.27,2.83,0.48405738,-0.168278689,0.234311547,0.028317717,-0.081456541,0.054485499,-0.121870434,3.049116581,0.048012076,2.919510897,3.178722265,1.031533847,5.066699315,3.049116581,0,3.049116581,0,,,,,,,,,,,,,,
11.17,1.5,-8.61594262,-1.498278689,74.23446723,2.24483903,12.90908321,-0.969810512,-1.085080199,2.093393473,0.352115813,1.913472541,2.273314405,0.071783148,4.115003798,2.093393473,3.9968E-15,2.093393473,0,,,,,,,,,,,,,,
12.26,2,-7.52594262,-0.998278689,56.63981232,0.996560341,7.512988132,-0.847120111,-0.722971265,2.207870197,0.043210019,2.038552124,2.377188269,0.187216765,4.228523628,2.207870197,0,2.207870197,0,,,,,,,,,,,,,,
18.26,3.25,-1.52594262,0.251721311,2.32850088,0.063363618,-0.384112277,-0.171760103,0.182301071,2.838017301,0.169729744,2.706722321,2.969312281,0.820320477,4.855714125,2.838017301,0,2.838017301,0,,,,,,,,,,,,,,
8.51,1.25,-11.27594262,-1.748278689,127.146882,3.056478374,19.71349018,-1.269220115,-1.266134666,1.814028256,0.318127874,1.60544405,2.022612463,-0.210457008,3.838513521,1.814028256,2.88658E-15,1.814028256,0,,,,,,,,,,,,,,
10.33,2,-9.45594262,-0.998278689,89.41485083,0.996560341,9.439666002,-1.064360913,-0.722971265,2.005172878,2.67587E-05,1.816582392,2.193763365,-0.017262675,4.027608431,2.005172878,0,2.005172878,0,,,,,,,,,,,,,,
14.15,2,-5.63594262,-0.998278689,31.76384922,0.996560341,5.62624141,-0.634381708,-0.722971265,2.406366535,0.16513376,2.253287242,2.559445827,0.387066767,4.425666302,2.406366535,0,2.406366535,0,,,,,,,,,,,,,,
16,2,-3.78594262,-0.998278689,14.33336152,0.996560341,3.779425835,-0.426145706,-0.722971265,2.600661892,0.360794708,2.460074239,2.741249544,0.582311172,4.619012611,2.600661892,0,2.600661892,0,,,,,,,,,,,,,,
13.16,2.75,-6.62594262,-0.248278689,43.9031156,0.061642307,1.645080347,-0.745816109,-0.179807863,2.302392262,0.200352687,2.141184096,2.463600429,0.282431804,4.32235272,2.302392262,0,2.302392262,0,,,,,,,,,,,,,,
17.47,3.5,-2.31594262,0.501721311,5.363590219,0.251724274,-1.161957768,-0.260682504,0.363355539,2.755047932,0.554953583,2.621342548,2.888753317,0.737185769,4.772910096,2.755047932,0,2.755047932,0,,,,,,,,,,,,,,
34.3,6.7,14.51405738,3.701721311,210.6578616,13.70274066,53.72699551,1.633702317,2.680852719,4.52261056,4.741024774,4.275460997,4.769760123,2.493596102,6.551625017,4.52261056,9.76996E-15,4.52261056,0,,,,,,,,,,,,,,
41.19,5,21.40405738,2.001721311,458.1336723,4.006888207,42.8449578,2.409240725,1.449682342,5.246229485,0.060628959,4.909827766,5.582631203,3.203852235,7.288606734,5.246229485,0,5.246229485,0,,,,,,,,,,,,,,
27.05,5,7.26405738,2.001721311,52.76652962,4.006888207,14.54061846,0.817642308,1.449682342,3.761182809,1.534668033,3.594289288,3.92807633,1.740740088,5.781625529,3.761182809,7.99361E-15,3.761182809,0,,,,,,,,,,,,,,
16.43,2.3,-3.35594262,-0.698278689,11.26235087,0.487593128,2.343383213,-0.377744905,-0.505705904,2.645822434,0.119593156,2.507552517,2.784092351,0.62763897,4.664005898,2.645822434,0,2.645822434,0,,,,,,,,,,,,,,
8.35,1.5,-11.43594262,-1.498278689,130.7807836,2.24483903,17.13422912,-1.287229715,-1.085080199,1.797224334,0.088342305,1.586814843,2.007633825,-0.227458226,3.821906893,1.797224334,0,1.797224334,0,,,,,,,,,,,,,,
18.64,1.36,-1.14594262,-1.638278689,1.313184488,2.683957063,1.877373373,-0.128987303,-1.186470701,2.877926618,2.304101216,2.74744792,3.008405315,0.860285106,4.895568129,2.877926618,6.66134E-15,2.877926618,0,,,,,,,,,,,,,,
11.87,1.63,-7.91594262,-1.368278689,62.66214756,1.872186571,10.83121559,-0.891018511,-0.990931876,2.166910635,0.28827303,1.99389024,2.33993103,0.145929625,4.187891645,2.166910635,0,2.166910635,0,,,,,,,,,,,,,,
9.78,1.73,-10.00594262,-1.268278689,100.1188877,1.608530833,12.69032379,-1.126268914,-0.918510089,1.947409394,0.047266844,1.752938009,2.141880778,-0.075607844,3.970426632,1.947409394,-5.10703E-15,1.947409394,0,,,,,,,,,,,,,,
7.51,2,-12.27594262,-0.998278689,150.6987672,0.996560341,12.2548119,-1.381780116,-0.722971265,1.709003739,0.084678824,1.488858222,1.929149256,-0.31675988,3.734767359,1.709003739,-3.77476E-15,1.709003739,0,,,,,,,,,,,,,,
14.07,2.5,-5.71594262,-0.498278689,32.67200004,0.248281652,2.848132395,-0.643386508,-0.36086233,2.397964573,0.010411228,2.244262273,2.551666874,0.378615371,4.417313775,2.397964573,0,2.397964573,0,,,,,,,,,,,,,,
13.13,2,-6.65594262,-0.998278689,44.30157216,0.996560341,6.644485673,-0.74919291,-0.722971265,2.299241527,0.089545491,2.137773477,2.460709577,0.279259386,4.319223667,2.299241527,0,2.299241527,0,,,,,,,,,,,,,,
17.26,2.74,-2.52594262,-0.258278689,6.38038612,0.066707881,0.652397148,-0.284320104,-0.187050042,2.732992784,4.91011E-05,2.59848954,2.867496027,0.715075233,4.750910335,2.732992784,3.9968E-15,2.732992784,0,,,,,,,,,,,,,,
24.55,2,4.76405738,-0.998278689,22.69624272,0.996560341,-4.755856956,0.536242305,-0.722971265,3.498621515,2.245866446,3.351907775,3.645335255,1.479815401,5.517427629,3.498621515,0,3.498621515,0,,,,,,,,,,,,,,
19.77,2,-0.01594262,-0.998278689,0.000254167,0.996560341,0.015915178,-0.001794501,-0.722971265,2.996604322,0.993220175,2.867188813,3.126019832,0.97903434,5.014174304,2.996604322,0,2.996604322,0,,,,,,,,,,,,,,
29.85,5.14,10.06405738,2.141721311,101.2852509,4.586970174,21.55440617,1.132810311,1.551072844,4.055251457,1.176679401,3.860149972,4.250352943,2.032170846,6.078332068,4.055251457,9.76996E-15,4.055251457,0,,,,,,,,,,,,,,
48.17,5,28.38405738,2.001721311,805.6547134,4.006888207,56.81697255,3.194909534,1.449682342,5.979300616,0.959029696,5.547670424,6.410930808,3.918304748,8.040296484,5.979300616,1.24345E-14,5.979300616,0,,,,,,,,,,,,,,
25,3.75,5.21405738,0.751721311,27.18639436,0.565084929,3.919518049,0.586894305,0.544410006,3.545882548,0.041663934,3.395982886,3.695782211,1.526831969,5.564933128,3.545882548,0,3.545882548,0,,,,,,,,,,,,,,
13.39,2.61,-6.39594262,-0.388278689,40.908082,0.15076034,2.483408215,-0.719927309,-0.281198365,2.326547901,0.080345092,2.167306749,2.485789054,0.306750431,4.346345372,2.326547901,0,2.326547901,0,,,,,,,,,,,,,,
16.49,2,-3.29594262,-0.998278689,10.86323775,0.996560341,3.290269278,-0.370991305,-0.722971265,2.652123905,0.425265588,2.514158063,2.790089747,0.633962179,4.670285632,2.652123905,6.21725E-15,2.652123905,0,,,,,,,,,,,,,,
21.5,3.5,1.71405738,0.501721311,2.937992702,0.251724274,0.859979116,0.192934301,0.363355539,3.178296737,0.103492989,3.046514174,3.310079301,1.160566709,5.196026765,3.178296737,7.10543E-15,3.178296737,0,,,,,,,,,,,,,,
12.66,2.5,-7.12594262,-0.498278689,50.77905822,0.248281652,3.550705347,-0.80209611,-0.36086233,2.249880004,0.062560013,2.084244354,2.415515653,0.229545412,4.270214595,2.249880004,0,2.249880004,0,,,,,,,,,,,,,,
16.21,2,-3.57594262,-0.998278689,12.78736562,0.996560341,3.569787311,-0.402508106,-0.722971265,2.62271704,0.387776512,2.483291357,2.762142724,0.604450518,4.640983563,2.62271704,4.88498E-15,2.62271704,0,,,,,,,,,,,,,,
13.81,2,-5.97594262,-0.998278689,35.7118902,0.996560341,5.965656164,-0.672652109,-0.722971265,2.370658199,0.1373875,2.214888607,2.52642779,0.351143532,4.390172866,2.370658199,0,2.370658199,0,,,,,,,,,,,,,,
17.51,3,-2.27594262,0.001721311,5.17991481,2.96291E-06,-0.003917605,-0.256180104,0.001246604,2.759248913,0.057961086,2.625688163,2.892809663,0.741396755,4.777101071,2.759248913,5.77316E-15,2.759248913,0,,,,,,,,,,,,,,
24.52,3.48,4.73405738,0.481721311,22.41129928,0.232055421,2.280496327,0.532865505,0.348871181,3.49547078,0.000239345,3.348961555,3.641980004,1.476680181,5.514261379,3.49547078,0,3.49547078,0,,,,,,,,,,,,,,
20.76,2.24,0.97405738,-0.758278689,0.94878778,0.57498657,-0.738606953,0.1096399,-0.549158976,3.100578594,0.740595517,2.970394108,3.23076308,1.082956936,5.118200253,3.100578594,0,3.100578594,0,,,,,,,,,,,,,,
31.71,4.5,11.92405738,1.501721311,142.1831444,2.255166896,17.90661108,1.342171913,1.087573408,4.25059706,0.062201827,4.034560328,4.466633792,2.22529556,6.27589856,4.25059706,0,4.25059706,0,,,,,,,,,,,,,,
10.59,1.61,-9.19594262,-1.388278689,84.56536067,1.927317718,12.76653116,-1.035095313,-1.005416234,2.032479253,0.178488719,1.846614359,2.218344146,0.010307289,4.054651217,2.032479253,0,2.032479253,0,,,,,,,,,,,,,,
10.63,2,-9.15594262,-0.998278689,83.83128526,0.996560341,9.140182395,-1.030592913,-0.722971265,2.036680233,0.00134544,1.851231408,2.222129059,0.014548172,4.058812295,2.036680233,-5.32907E-15,2.036680233,0,,,,,,,,,,,,,,
50.81,10,31.02405738,7.001721311,962.4921363,49.02410132,217.2218037,3.492067937,5.070771687,6.256565342,14.01330304,5.788257453,6.72487323,4.187221688,8.325908996,6.256565342,1.06581E-14,6.256565342,-9.76996E-15,,,,,,,,,,,,,,
15.81,3.16,-3.97594262,0.161721311,15.80811972,0.026153782,-0.642994653,-0.447532106,0.117121463,2.580707233,0.335580109,2.439020034,2.722394433,0.562276199,4.599138267,2.580707233,5.77316E-15,2.580707233,0,,,,,,,,,,,,,,
7.25,5.15,-12.53594262,2.151721311,157.1498574,4.6299046,-26.97385489,-1.411045717,1.558315022,1.681697365,12.02912317,1.458489545,1.904905184,-0.344416268,3.707810997,1.681697365,-1.9984E-15,1.681697365,0,,,,,,,,,,,,,,
31.85,3.18,12.06405738,0.181721311,145.5414805,0.033022635,2.192296323,1.357930314,0.131605821,4.265300492,1.177877158,4.047634102,4.482966882,2.239816732,6.290784252,4.265300492,0,4.265300492,0,,,,,,,,,,,,,,
16.82,4,-2.96594262,1.001721311,8.796815625,1.003445585,-2.97104793,-0.333846505,0.725464473,2.686781996,1.724541526,2.550401356,2.823162636,0.668732821,4.704831171,2.686781996,0,2.686781996,0,,,,,,,,,,,,,,
32.9,3.11,13.11405738,0.111721311,171.978501,0.012481651,1.465119683,1.476118315,0.08091057,4.375576235,1.601683208,4.145483789,4.605668682,2.348658283,6.402494188,4.375576235,0,4.375576235,0,,,,,,,,,,,,,,
17.89,2,-1.89594262,-0.998278689,3.594598418,0.996560341,1.892679113,-0.213407304,-0.722971265,2.79915823,0.638653876,2.666852403,2.931464056,0.781392432,4.816924027,2.79915823,0,2.79915823,0,,,,,,,,,,,,,,
14.48,2,-5.30594262,-0.998278689,28.15302709,0.996560341,5.296809443,-0.597236908,-0.722971265,2.441024625,0.19450272,2.29044792,2.591601331,0.421921422,4.460127829,2.441024625,5.32907E-15,2.441024625,0,,,,,,,,,,,,,,
9.6,4,-10.18594262,1.001721311,103.7534271,1.003445585,-10.2034758,-1.146529714,0.725464473,1.92850498,4.291091616,1.732076784,2.124933177,-0.09470973,3.951719691,1.92850498,-1.77636E-15,1.92850498,0,,,,,,,,,,,,,,
34.63,3.55,14.84405738,0.551721311,220.3460395,0.304396405,8.189782798,1.670847117,0.399566432,4.557268651,1.014590134,4.306028011,4.80850929,2.527729412,6.586807889,4.557268651,1.24345E-14,4.557268651,0,,,,,,,,,,,,,,
34.65,3.68,14.86405738,0.681721311,220.9402018,0.464743946,10.13314468,1.673098317,0.493714755,4.559369141,0.773290086,4.307879768,4.810858514,2.529797723,6.588940559,4.559369141,0,4.559369141,0,,,,,,,,,,,,,,
23.33,5.65,3.54405738,2.651721311,12.56034271,7.031625911,9.397852482,0.398919103,1.920423957,3.370491604,5.196158527,3.231237367,3.509745841,1.352237446,5.388745762,3.370491604,0,3.370491604,0,,,,,,,,,,,,,,
45.35,3.5,25.56405738,0.501721311,653.5210297,0.251724274,12.82603238,2.87749033,0.363355539,5.683131477,4.766063046,5.290337758,6.075925196,3.630265468,7.735997486,5.683131477,7.99361E-15,5.683131477,-9.76996E-15,,,,,,,,,,,,,,
23.17,6.5,3.38405738,3.501721311,11.45184435,12.26205214,11.85002585,0.380909503,2.536009145,3.353687681,9.899281206,3.215273627,3.492101735,1.335493896,5.371881466,3.353687681,7.99361E-15,3.353687681,0,,,,,,,,,,,,,,
40.55,3,20.76405738,0.001721311,431.1460789,2.96291E-06,0.0357414,2.337202324,0.001246604,5.179013793,4.748101112,4.851162658,5.506864929,3.138089525,7.219938062,5.179013793,1.33227E-14,5.179013793,0,,,,,,,,,,,,,,
20.69,5,0.90405738,2.001721311,0.817319746,4.006888207,1.809670924,0.1017607,1.449682342,3.093226878,3.635783738,2.963148702,3.223305054,1.075612382,5.110841375,3.093226878,0,3.093226878,0,,,,,,,,,,,,,,
20.9,3.5,1.11405738,0.501721311,1.241123846,0.251724274,0.558946329,0.1253983,0.363355539,3.115282027,0.148007919,2.984861458,3.245702596,1.097644442,5.132919612,3.115282027,0,3.115282027,0,,,,,,,,,,,,,,
30.46,2,10.67405738,-0.998278689,113.935501,0.996560341,-10.65568401,1.201471912,-0.722971265,4.119316413,4.491502059,3.917507263,4.321125563,2.095548592,6.143084234,4.119316413,0,4.119316413,0,,,,,,,,,,,,,,
18.15,3.5,-1.63594262,0.501721311,2.676308256,0.251724274,-0.820787276,-0.184141703,0.363355539,2.826464604,0.45364993,2.694891163,2.958038046,0.808748832,4.844180376,2.826464604,0,2.826464604,0,,,,,,,,,,,,,,
23.1,4,3.31405738,1.001721311,10.98297632,1.003445585,3.319761903,0.373030303,0.725464473,3.346335965,0.42727667,3.208278827,3.484393103,1.328167717,5.364504213,3.346335965,0,3.346335965,0,,,,,,,,,,,,,,
15.69,1.5,-4.09594262,-1.498278689,16.77674595,2.24483903,6.136863539,-0.461039306,-1.085080199,2.568104291,1.140846777,2.425699526,2.710509057,0.549620508,4.586588074,2.568104291,0,2.568104291,0,,,,,,,,,,,,,,
19.81,4.19,0.02405738,1.191721311,0.000578758,1.420199683,0.028669692,0.002707899,0.863065868,3.000805303,1.414184028,2.871389529,3.130221076,0.983235303,5.018375303,3.000805303,3.9968E-15,3.000805303,0,,,,,,,,,,,,,,
28.44,2.56,8.65405738,-0.438278689,74.89270914,0.192088209,-3.792888923,0.974100709,-0.317409258,3.907166888,1.814858624,3.726861386,4.08747239,1.885520773,5.928813003,3.907166888,7.10543E-15,3.907166888,0,,,,,,,,,,,,,,
15.48,2.02,-4.30594262,-0.978278689,18.54114185,0.957029193,4.212411901,-0.484676907,-0.708486907,2.546049143,0.2767277,2.402346505,2.689751781,0.527469279,4.564629007,2.546049143,0,2.546049143,0,,,,,,,,,,,,,,
16.58,4,-3.20594262,1.001721311,10.27806808,1.003445585,-3.211461044,-0.360860905,0.725464473,2.661576112,1.791378505,2.524057313,2.799094911,0.643446257,4.679705966,2.661576112,4.44089E-15,2.661576112,0,,,,,,,,,,,,,,
7.56,1.44,-12.22594262,-1.558278689,149.4736729,2.428232473,19.05142584,-1.376152116,-1.128533271,1.714254965,0.075215786,1.49469582,1.933814109,-0.311442178,3.739952108,1.714254965,-1.77636E-15,1.714254965,0,,,,,,,,,,,,,,
10.34,2,-9.44594262,-0.998278689,89.22583198,0.996560341,9.429683215,-1.063235313,-0.722971265,2.006223123,3.87273E-05,1.817738134,2.194708112,-0.016202156,4.028648403,2.006223123,0,2.006223123,0,,,,,,,,,,,,,,
43.11,5,23.32405738,2.001721311,544.0116527,4.006888207,46.68826272,2.625355927,1.449682342,5.447876558,0.200593411,5.08560621,5.810146906,3.400882598,7.494870518,5.447876558,8.88178E-15,5.447876558,0,,,,,,,,,,,,,,
13,2,-6.78594262,-0.998278689,46.04901724,0.996560341,6.774261902,-0.76382571,-0.722971265,2.28558834,0.0815607,2.122985466,2.448191213,0.265511112,4.305665568,2.28558834,0,2.28558834,0,,,,,,,,,,,,,,
13.51,2,-6.27594262,-0.998278689,39.38745577,0.996560341,6.265139771,-0.706420109,-0.722971265,2.339150843,0.115023295,2.180917733,2.497383953,0.319436129,4.358865558,2.339150843,0,2.339150843,0,,,,,,,,,,,,,,
18.71,4,-1.07594262,1.001721311,1.157652522,1.003445585,-1.077794652,-0.121108103,0.725464473,2.885278334,1.242604393,2.754925131,3.015631537,0.867645296,4.902911372,2.885278334,0,2.885278334,0,,,,,,,,,,,,,,
12.74,2.01,-7.04594262,-0.988278689,49.6453074,0.976694767,6.963354935,-0.79309131,-0.715729086,2.258281965,0.061643934,2.093368164,2.423195766,0.238009058,4.278554872,2.258281965,0,2.258281965,0,,,,,,,,,,,,,,
13,2,-6.78594262,-0.998278689,46.04901724,0.996560341,6.774261902,-0.76382571,-0.722971265,2.28558834,0.0815607,2.122985466,2.448191213,0.265511112,4.305665568,2.28558834,0,2.28558834,0,,,,,,,,,,,,,,
16.4,2.5,-3.38594262,-0.498278689,11.46460743,0.248281652,1.68714305,-0.381121705,-0.36086233,2.642671699,0.020355214,2.504247942,2.781095455,0.624477219,4.660866179,2.642671699,0,2.642671699,0,,,,,,,,,,,,,,
20.53,4,0.74405738,1.001721311,0.553621385,1.003445585,0.745338134,0.0837511,0.725464473,3.076422955,0.852994557,2.946558278,3.206287633,1.058822825,5.094023086,3.076422955,0,3.076422955,0,,,,,,,,,,,,,,
16.47,3.23,-3.31594262,0.231721311,10.99547546,0.053694766,-0.768374571,-0.373242505,0.167816714,2.650023415,0.336372839,2.51195675,2.78809008,0.631854486,4.668192344,2.650023415,0,2.650023415,0,,,,,,,,,,,,,,
26.59,3.41,6.80405738,0.411721311,46.29519683,0.169514438,2.801375425,0.765864707,0.29817593,3.712871531,0.091731164,3.550109419,3.875633642,1.692780907,5.732962154,3.712871531,0,3.712871531,-9.76996E-15,,,,,,,,,,,,,,
38.73,3,18.94405738,0.001721311,358.87731,2.96291E-06,0.032608614,2.132343122,0.001246604,4.987869172,3.951623844,4.684098136,5.291640208,2.950840876,7.024897468,4.987869172,0,4.987869172,-1.06581E-14,,,,,,,,,,,,,,
24.27,2.03,4.48405738,-0.968278689,20.10677059,0.93756362,-4.341817201,0.504725504,-0.701244729,3.46921465,2.07133881,3.324370089,3.614059212,1.450549533,5.487879768,3.46921465,0,3.46921465,0,,,,,,,,,,,,,,
12.76,2.23,-7.02594262,-0.768278689,49.3638697,0.590252144,5.397881985,-0.79084011,-0.556401155,2.260382455,0.000923094,2.095648333,2.425116578,0.240124862,4.280640049,2.260382455,0,2.260382455,0,,,,,,,,,,,,,,
30.06,2,10.27405738,-0.998278689,105.556255,0.996560341,-10.25637253,1.156447911,-0.722971265,4.077306606,4.315202736,3.879914976,4.274698236,2.053993952,6.100619261,4.077306606,0,4.077306606,0,,,,,,,,,,,,,,
25.89,5.16,6.10405738,2.161721311,37.2595165,4.673039026,13.19527092,0.687072706,1.565557201,3.639354369,2.312363136,3.482542776,3.796165962,1.619755468,5.65895327,3.639354369,7.54952E-15,3.639354369,0,,,,,,,,,,,,,,
48.33,9,28.54405738,6.001721311,814.7632117,36.02065869,171.3134775,3.212919134,4.346553818,5.996104539,9.023387942,5.562259432,6.429949646,3.93462294,8.057586138,5.996104539,1.59872E-14,5.996104539,0,,,,,,,,,,,,,,
13.27,2.5,-6.51594262,-0.498278689,42.45750823,0.248281652,3.246755346,-0.733434509,-0.36086233,2.313944959,0.034616478,2.153683194,2.474206725,0.294063168,4.33382675,2.313944959,0,2.313944959,0,,,,,,,,,,,,,,
28.17,6.5,8.38405738,3.501721311,70.29241815,12.26205214,29.3586324,0.943709509,2.536009145,3.878810268,6.87063561,3.701209855,4.056410682,1.857414294,5.900206242,3.878810268,0,3.878810268,0,,,,,,,,,,,,,,
12.9,1.1,-6.88594262,-1.898278689,47.41620577,3.603461981,13.07143813,-0.77508171,-1.374767347,2.275085888,1.380826844,2.111600629,2.438571147,0.254934267,4.295237508,2.275085888,3.55271E-15,2.275085888,0,,,,,,,,,,,,,,
28.15,3,8.36405738,0.001721311,69.95745586,2.96291E-06,0.014397144,0.941458309,0.001246604,3.876709778,0.768620035,3.699307942,4.054111614,1.855332019,5.898087537,3.876709778,1.02141E-14,3.876709778,0,,,,,,,,,,,,,,
11.59,1.5,-8.19594262,-1.498278689,67.17347543,2.24483903,12.27980616,-0.922535311,-1.085080199,2.13750377,0.406411057,1.961761057,2.313246483,0.116277406,4.158730134,2.13750377,-4.44089E-15,2.13750377,0,,,,,,,,,,,,,,
7.74,1.44,-12.04594262,-1.558278689,145.1047336,2.428232473,18.77093567,-1.355891316,-1.128533271,1.733159378,0.085942421,1.515704232,1.950614524,-0.29230068,3.758619436,1.733159378,-5.10703E-15,1.733159378,0,,,,,,,,,,,,,,
30.14,3.09,10.35405738,0.091721311,107.2065042,0.008412799,0.949687717,1.165452711,0.066426212,4.085708568,0.991435551,3.887439146,4.283977989,2.062306262,6.109110873,4.085708568,7.99361E-15,4.085708568,0,,,,,,,,,,,,,,
12.16,2.2,-7.62594262,-0.798278689,58.15500084,0.637248865,6.087627477,-0.858376111,-0.578127691,2.197367745,6.92877E-06,2.027110607,2.367624883,0.176631891,4.218103599,2.197367745,4.44089E-15,2.197367745,0,,,,,,,,,,,,,,
13.42,3.48,-6.36594262,0.481721311,40.52522544,0.232055421,-3.066610225,-0.716550509,0.348871181,2.329698637,1.323193226,2.170710683,2.488686591,0.309922002,4.349475272,2.329698637,0,2.329698637,0,,,,,,,,,,,,,,
8.58,1.92,-11.20594262,-1.078278689,125.57315,1.162684931,12.08312912,-1.261340915,-0.780908694,1.821379973,0.00972591,1.613591217,2.029168728,-0.203019844,3.845779789,1.821379973,-1.77636E-15,1.821379973,0,,,,,,,,,,,,,,
15.98,3,-3.80594262,0.001721311,14.48519923,2.96291E-06,-0.006551211,-0.428396906,0.001246604,2.598561401,0.161152948,2.457860145,2.739262658,0.580202413,4.61692039,2.598561401,-3.9968E-15,2.598561401,0,,,,,,,,,,,,,,
13.42,1.58,-6.36594262,-1.418278689,40.52522544,2.01151444,9.028680753,-0.716550509,-1.02714277,2.329698637,0.562048046,2.170710683,2.488686591,0.309922002,4.349475272,2.329698637,0,2.329698637,0,,,,,,,,,,,,,,
16.27,2.5,-3.51594262,-0.498278689,12.36185251,0.248281652,1.751919279,-0.395754506,-0.36086233,2.629018511,0.016645776,2.489914347,2.768122676,0.610775164,4.647261859,2.629018511,3.9968E-15,2.629018511,0,,,,,,,,,,,,,,
10.09,2,-9.69594262,-0.998278689,94.01130329,0.996560341,9.679252887,-1.091375313,-0.722971265,1.979966994,0.000401321,1.788829005,2.171104983,-0.042718363,4.002652351,1.979966994,-4.88498E-15,1.979966994,0,,,,,,,,,,,,,,
20.45,3,0.66405738,0.001721311,0.440972204,2.96291E-06,0.001143049,0.0747463,0.001246604,3.068020994,0.004626856,2.938247628,3.197794361,1.050427001,5.085614987,3.068020994,0,3.068020994,0,,,,,,,,,,,,,,
13.28,2.72,-6.50594262,-0.278278689,42.32728937,0.077439029,1.810465183,-0.732308909,-0.201534399,2.314995204,0.164028884,2.154818964,2.475171445,0.2951205,4.334869909,2.314995204,0,2.314995204,0,,,,,,,,,,,,,,
22.12,2.88,2.33405738,-0.118278689,5.447823853,0.013989848,-0.276069247,0.262721502,-0.08565954,3.243411938,0.132068237,3.109640276,3.3771836,1.225545186,5.26127869,3.243411938,7.99361E-15,3.243411938,0,,,,,,,,,,,,,,
24.01,2,4.22405738,-0.998278689,17.84266075,0.996560341,-4.216786464,0.475459904,-0.722971265,3.441908276,2.079099476,3.298718027,3.585098525,1.423366448,5.460450104,3.441908276,0,3.441908276,0,,,,,,,,,,,,,,
15.69,3,-4.09594262,0.001721311,16.77674595,2.96291E-06,-0.007050391,-0.461039306,0.001246604,2.568104291,0.186533903,2.425699526,2.710509057,0.549620508,4.586588074,2.568104291,0,2.568104291,0,,,,,,,,,,,,,,
11.61,3.39,-8.17594262,0.391721311,66.84603773,0.153445585,-3.202690962,-0.920284111,0.283691573,2.13960426,1.563489506,1.964057716,2.315150805,0.118395703,4.160812817,2.13960426,0,2.13960426,0,,,,,,,,,,,,,,
10.77,1.47,-9.01594262,-1.528278689,81.28722133,2.335635751,13.77887297,-1.014834512,-1.106806735,2.051383666,0.338006967,1.867384077,2.235383255,0.029389901,4.073377431,2.051383666,-4.88498E-15,2.051383666,0,,,,,,,,,,,,,,
15.53,3,-4.25594262,0.001721311,18.11304758,2.96291E-06,-0.007325801,-0.479048907,0.001246604,2.551300369,0.201331359,2.407911553,2.694689184,0.532743816,4.569856921,2.551300369,4.88498E-15,2.551300369,0,,,,,,,,,,,,,,
10.07,1.25,-9.71594262,-1.748278689,94.399541,3.056478374,16.98617543,-1.093626513,-1.266134666,1.977866504,0.529789647,1.786514894,2.169218113,-0.044839951,4.000572958,1.977866504,1.9984E-15,1.977866504,0,,,,,,,,,,,,,,
12.6,1,-7.18594262,-1.998278689,51.63777134,3.993117719,14.359516,-0.80884971,-1.447189134,2.243578533,1.546487567,2.077398235,2.40975883,0.223197222,4.263959843,2.243578533,0,2.243578533,0,,,,,,,,,,,,,,
32.83,1.17,13.04405738,-1.828278689,170.1474329,3.342602965,-23.84817213,1.468239115,-1.324072096,4.368224519,10.22864008,4.13897101,4.597478029,2.341405869,6.39504317,4.368224519,7.99361E-15,4.368224519,0,,,,,,,,,,,,,,
35.83,4.67,16.04405738,1.671721311,257.4117772,2.794652142,26.82119264,1.805919118,1.210690445,4.683298071,0.000176839,4.416985038,4.949611105,2.651752339,6.714843804,4.683298071,8.88178E-15,4.683298071,0,,,,,,,,,,,,,,
29.03,5.92,9.24405738,2.921721311,85.45259684,8.536455419,27.00855945,1.04051111,2.115962781,3.969131353,3.805888477,3.782764821,4.155497886,1.946911162,5.991351545,3.969131353,8.88178E-15,3.969131353,0,,,,,,,,,,,,,,
27.18,2,7.39405738,-0.998278689,54.67208454,0.996560341,-7.381329908,0.832275108,-0.722971265,3.774835996,3.150042813,3.606745288,3.942926704,1.754289608,5.795382384,3.774835996,0,3.774835996,0,,,,,,,,,,,,,,
22.67,2,2.88405738,-0.998278689,8.317786971,0.996560341,-2.87909302,0.324629502,-0.722971265,3.301175423,1.693057481,3.165164895,3.43718595,1.28315234,5.319198505,3.301175423,3.9968E-15,3.301175423,0,,,,,,,,,,,,,,
17.82,1.75,-1.96594262,-1.248278689,3.864930385,1.558199685,2.454044276,-0.221286504,-0.904025732,2.791806513,1.085360811,2.659285854,2.924327173,0.774025989,4.809587038,2.791806513,6.21725E-15,2.791806513,0,,,,,,,,,,,,,,
18.78,3,-1.00594262,0.001721311,1.011920555,2.96291E-06,-0.00173154,-0.113228903,0.001246604,2.89263005,0.011528306,2.762394543,3.022865557,0.875004952,4.910255148,2.89263005,0,2.89263005,0,,,,,,,,,,,,,,
